Workbook

Sheet Por generar
A1: Orden | B1: ID | C1: Tipo | D1: Se usa en | E1: Escena | F1: Prompt de imagen completo | G1: Prompt de animación completo | H1: Imagen | I1: Clip
A2: 1 | B2: N04 | C2: Nueva animada | D2: S07, S08 | E2: 45-degree view into a cast-iron dutch oven with finely chopped onion sweating in a shallow layer of oil, translucent and pale with no browning, a wooden spoon resting in the pot. | F2: =E2&" "&'Guía'!$B$3 -> 45-degree view into a cast-iron dutch oven with finely chopped onion sweating in a shallow layer of oil, translucent and pale with no browning, a wooden spoon resting in the pot. Same kitchen set: dark wood countertop, white matte tile wall, cast-iron dutch oven and wooden utensils as recurring props, warm lateral light 3500K, soft shadows, shallow depth of field, 16:9, photorealistic food photography, no hands, no people, no text, no logos. | G2: ='Guía'!$B$4&"locked-off with a very slow push-in of about 5%. Small ripples in the oil and light steam rise, the onion softens slightly, the spoon stirs once slowly. "&'Guía'!$B$5 -> Subtle cinematic motion from the still image. Camera: locked-off with a very slow push-in of about 5%. Small ripples in the oil and light steam rise, the onion softens slightly, the spoon stirs once slowly. Warm light stays constant. Natural food physics, no cuts, no hands, no text, no people. | H2: Lista | I2: Pendiente
A3: 2 | B3: N05 | C3: Nueva animada | D3: S09 | E3: 45-degree view into the dutch oven: chopped red tomato just added on top of the translucent onion, bright red chunks starting to release juice, a wooden spoon mid-pot. | F3: =E3&" "&'Guía'!$B$3 -> 45-degree view into the dutch oven: chopped red tomato just added on top of the translucent onion, bright red chunks starting to release juice, a wooden spoon mid-pot. Same kitchen set: dark wood countertop, white matte tile wall, cast-iron dutch oven and wooden utensils as recurring props, warm lateral light 3500K, soft shadows, shallow depth of field, 16:9, photorealistic food photography, no hands, no people, no text, no logos. | G3: ='Guía'!$B$4&"locked-off with a very slow push-in of about 5%. Tomato chunks slowly release juice with gentle bubbling, the spoon stirs once. "&'Guía'!$B$5 -> Subtle cinematic motion from the still image. Camera: locked-off with a very slow push-in of about 5%. Tomato chunks slowly release juice with gentle bubbling, the spoon stirs once. Warm light stays constant. Natural food physics, no cuts, no hands, no text, no people. | H3: Pendiente | I3: Pendiente
A4: 3 | B4: N06 | C4: Nueva animada | D4: S10 | E4: 45-degree view into the dutch oven: the tomato and onion mixture halfway reduced, thick and dark red, spoon marks visible, small bubbles at the edges and a slight sugary sheen. | F4: =E4&" "&'Guía'!$B$3 -> 45-degree view into the dutch oven: the tomato and onion mixture halfway reduced, thick and dark red, spoon marks visible, small bubbles at the edges and a slight sugary sheen. Same kitchen set: dark wood countertop, white matte tile wall, cast-iron dutch oven and wooden utensils as recurring props, warm lateral light 3500K, soft shadows, shallow depth of field, 16:9, photorealistic food photography, no hands, no people, no text, no logos. | G4: ='Guía'!$B$4&"locked-off with a very slow push-in of about 5%. Time-lapse feel: the mixture reduces and darkens slightly, bubbles pop at the edges, the spoon drags a slow trail. "&'Guía'!$B$5 -> Subtle cinematic motion from the still image. Camera: locked-off with a very slow push-in of about 5%. Time-lapse feel: the mixture reduces and darkens slightly, bubbles pop at the edges, the spoon drags a slow trail. Warm light stays constant. Natural food physics, no cuts, no hands, no text, no people. | H4: Pendiente | I4: Pendiente
A5: 4 | B5: N07 | C5: Nueva animada | D5: S11 | E5: Close-up of the dutch oven surface: thick glossy dark-red tomato-onion jam with a clean channel left by a wooden spoon dragged through it, the channel holding open, sticky sheen. | F5: =E5&" "&'Guía'!$B$3 -> Close-up of the dutch oven surface: thick glossy dark-red tomato-onion jam with a clean channel left by a wooden spoon dragged through it, the channel holding open, sticky sheen. Same kitchen set: dark wood countertop, white matte tile wall, cast-iron dutch oven and wooden utensils as recurring props, warm lateral light 3500K, soft shadows, shallow depth of field, 16:9, photorealistic food photography, no hands, no people, no text, no logos. | G5: ='Guía'!$B$4&"locked-off with a very slow push-in of about 5%. The channel stays open while steam drifts up and the jam surface shimmers. "&'Guía'!$B$5 -> Subtle cinematic motion from the still image. Camera: locked-off with a very slow push-in of about 5%. The channel stays open while steam drifts up and the jam surface shimmers. Warm light stays constant. Natural food physics, no cuts, no hands, no text, no people. | H5: Pendiente | I5: Pendiente
A6: 5 | B6: N08 | C6: Nueva animada | D6: S13 | E6: Overhead close-up of a ceramic bowl with separate unmixed dollops: white suero costeño, white mayonnaise and a small heap of very finely minced sweet ají dulce, a wooden spoon resting in the bowl, a lime half beside it. | F6: =E6&" "&'Guía'!$B$3 -> Overhead close-up of a ceramic bowl with separate unmixed dollops: white suero costeño, white mayonnaise and a small heap of very finely minced sweet ají dulce, a wooden spoon resting in the bowl, a lime half beside it. Same kitchen set: dark wood countertop, white matte tile wall, cast-iron dutch oven and wooden utensils as recurring props, warm lateral light 3500K, soft shadows, shallow depth of field, 16:9, photorealistic food photography, no hands, no people, no text, no logos. | G6: ='Guía'!$B$4&"locked-off with a very slow push-in of about 5%. The spoon slowly folds the dollops together and the minced ají swirls into the white sauce. "&'Guía'!$B$5 -> Subtle cinematic motion from the still image. Camera: locked-off with a very slow push-in of about 5%. The spoon slowly folds the dollops together and the minced ají swirls into the white sauce. Warm light stays constant. Natural food physics, no cuts, no hands, no text, no people. | H6: Pendiente | I6: Pendiente
A7: 6 | B7: N11 | C7: Nueva animada | D7: S18 | E7: Close-up of raw ground beef in a wide bowl with orange smoked paprika and pale spices lightly scattered on top, a fork gently folding the meat, loose airy texture, not compacted. | F7: =E7&" "&'Guía'!$B$3 -> Close-up of raw ground beef in a wide bowl with orange smoked paprika and pale spices lightly scattered on top, a fork gently folding the meat, loose airy texture, not compacted. Same kitchen set: dark wood countertop, white matte tile wall, cast-iron dutch oven and wooden utensils as recurring props, warm lateral light 3500K, soft shadows, shallow depth of field, 16:9, photorealistic food photography, no hands, no people, no text, no logos. | G7: ='Guía'!$B$4&"locked-off with a very slow push-in of about 5%. The fork folds the meat gently once and the spices blend into soft streaks. "&'Guía'!$B$5 -> Subtle cinematic motion from the still image. Camera: locked-off with a very slow push-in of about 5%. The fork folds the meat gently once and the spices blend into soft streaks. Warm light stays constant. Natural food physics, no cuts, no hands, no text, no people. | H7: Pendiente | I7: Pendiente
A8: 7 | B8: N14 | C8: Nueva animada | D8: S26 | E8: Two brioche bun halves toasting cut-side down on a hot griddle, golden brown, a thin film of beef fat around them, light steam. | F8: =E8&" "&'Guía'!$B$3 -> Two brioche bun halves toasting cut-side down on a hot griddle, golden brown, a thin film of beef fat around them, light steam. Same kitchen set: dark wood countertop, white matte tile wall, cast-iron dutch oven and wooden utensils as recurring props, warm lateral light 3500K, soft shadows, shallow depth of field, 16:9, photorealistic food photography, no hands, no people, no text, no logos. | G8: ='Guía'!$B$4&"locked-off with a very slow push-in of about 5%. The buns sizzle in the fat, their edges turn a deeper golden, light steam rises. "&'Guía'!$B$5 -> Subtle cinematic motion from the still image. Camera: locked-off with a very slow push-in of about 5%. The buns sizzle in the fat, their edges turn a deeper golden, light steam rises. Warm light stays constant. Natural food physics, no cuts, no hands, no text, no people. | H8: Pendiente | I8: Pendiente
A9: 8 | B9: N15 | C9: Nueva animada | D9: S27 | E9: Side view of a burger under construction on a wooden board: bottom brioche with white sauce, beef patty, dark-golden crusted costeño cheese, fried plantain slices, and a wooden spoon resting on top after placing a glossy dollop of red tomato-onion jam. | F9: =E9&" "&'Guía'!$B$3 -> Side view of a burger under construction on a wooden board: bottom brioche with white sauce, beef patty, dark-golden crusted costeño cheese, fried plantain slices, and a wooden spoon resting on top after placing a glossy dollop of red tomato-onion jam. Same kitchen set: dark wood countertop, white matte tile wall, cast-iron dutch oven and wooden utensils as recurring props, warm lateral light 3500K, soft shadows, shallow depth of field, 16:9, photorealistic food photography, no hands, no people, no text, no logos. | G9: ='Guía'!$B$4&"slow 15-degree orbit around the subject. The dollop of hogao slowly settles and slides a little down the side of the burger. "&'Guía'!$B$5 -> Subtle cinematic motion from the still image. Camera: slow 15-degree orbit around the subject. The dollop of hogao slowly settles and slides a little down the side of the burger. Warm light stays constant. Natural food physics, no cuts, no hands, no text, no people. | H9: Pendiente | I9: Pendiente
A10: 9 | B10: N16 | C10: Nueva animada | D10: S02, S28 | E10: Burger cut in half on a wooden board, two halves showing every layer: white sauce, patty, crusted cheese, plantain, glossy hogao and toasted brioche, steam rising, slight 30-degree angle. | F10: =E10&" "&'Guía'!$B$3 -> Burger cut in half on a wooden board, two halves showing every layer: white sauce, patty, crusted cheese, plantain, glossy hogao and toasted brioche, steam rising, slight 30-degree angle. Same kitchen set: dark wood countertop, white matte tile wall, cast-iron dutch oven and wooden utensils as recurring props, warm lateral light 3500K, soft shadows, shallow depth of field, 16:9, photorealistic food photography, no hands, no people, no text, no logos. | G10: ='Guía'!$B$4&"slow 15-degree orbit around the subject. Steam rises from the halves and the sauce drips slowly. "&'Guía'!$B$5 -> Subtle cinematic motion from the still image. Camera: slow 15-degree orbit around the subject. Steam rises from the halves and the sauce drips slowly. Warm light stays constant. Natural food physics, no cuts, no hands, no text, no people. | H10: Pendiente | I10: Pendiente
A11: 10 | B11: N01 | C11: Nueva fija | D11: S03, S06 | E11: Overhead 90-degree mise en place on the countertop: 600 g of raw ground beef in a bowl, four brioche buns, costeño cheese slices, two ripe plantains, tomatoes, chopped onion, small jars of suero costeño and mayonnaise, sweet ají dulce peppers and a lime half, each in its own bowl or on its own board, neatly arranged. | F11: =E11&" "&'Guía'!$B$3 -> Overhead 90-degree mise en place on the countertop: 600 g of raw ground beef in a bowl, four brioche buns, costeño cheese slices, two ripe plantains, tomatoes, chopped onion, small jars of suero costeño and mayonnaise, sweet ají dulce peppers and a lime half, each in its own bowl or on its own board, neatly arranged. Same kitchen set: dark wood countertop, white matte tile wall, cast-iron dutch oven and wooden utensils as recurring props, warm lateral light 3500K, soft shadows, shallow depth of field, 16:9, photorealistic food photography, no hands, no people, no text, no logos. | G11: — (zoom en el editor) | H11: Pendiente | I11: No aplica
A12: 11 | B12: N02 | C12: Nueva fija | D12: S04 | E12: Close-up at 30 degrees of white costeño cheese slices fanned on a small wooden board next to two ripe plantains with black-spotted yellow skin, a knife resting nearby. | F12: =E12&" "&'Guía'!$B$3 -> Close-up at 30 degrees of white costeño cheese slices fanned on a small wooden board next to two ripe plantains with black-spotted yellow skin, a knife resting nearby. Same kitchen set: dark wood countertop, white matte tile wall, cast-iron dutch oven and wooden utensils as recurring props, warm lateral light 3500K, soft shadows, shallow depth of field, 16:9, photorealistic food photography, no hands, no people, no text, no logos. | G12: — (zoom en el editor) | H12: Pendiente | I12: No aplica
A13: 12 | B13: N03 | C13: Nueva fija | D13: S05 | E13: Close-up of ripe red chonto tomatoes and a halved white onion on a wooden board, a few whole tomatoes behind, white tile wall softly blurred. | F13: =E13&" "&'Guía'!$B$3 -> Close-up of ripe red chonto tomatoes and a halved white onion on a wooden board, a few whole tomatoes behind, white tile wall softly blurred. Same kitchen set: dark wood countertop, white matte tile wall, cast-iron dutch oven and wooden utensils as recurring props, warm lateral light 3500K, soft shadows, shallow depth of field, 16:9, photorealistic food photography, no hands, no people, no text, no logos. | G13: — (zoom en el editor) | H13: Pendiente | I13: No aplica
A14: 13 | B14: N09 | C14: Nueva fija | D14: S15 | E14: The same ceramic bowl of white sauce now covered tightly with clear cling film on the countertop, a small wooden spoon beside it, calm still composition. | F14: =E14&" "&'Guía'!$B$3 -> The same ceramic bowl of white sauce now covered tightly with clear cling film on the countertop, a small wooden spoon beside it, calm still composition. Same kitchen set: dark wood countertop, white matte tile wall, cast-iron dutch oven and wooden utensils as recurring props, warm lateral light 3500K, soft shadows, shallow depth of field, 16:9, photorealistic food photography, no hands, no people, no text, no logos. | G14: — (zoom en el editor) | H14: Pendiente | I14: No aplica
A15: 14 | B15: N10 | C15: Nueva fija | D15: S16, S19 | E15: Overhead of three small bowls with garlic powder, onion powder and orange smoked paprika, each with a small measuring spoon, beside a bowl of raw ground beef; a separate small dish with coarse salt and black pepper placed apart at the edge of the frame. | F15: =E15&" "&'Guía'!$B$3 -> Overhead of three small bowls with garlic powder, onion powder and orange smoked paprika, each with a small measuring spoon, beside a bowl of raw ground beef; a separate small dish with coarse salt and black pepper placed apart at the edge of the frame. Same kitchen set: dark wood countertop, white matte tile wall, cast-iron dutch oven and wooden utensils as recurring props, warm lateral light 3500K, soft shadows, shallow depth of field, 16:9, photorealistic food photography, no hands, no people, no text, no logos. | G15: — (zoom en el editor) | H15: Pendiente | I15: No aplica
A16: 15 | B16: N12 | C16: Nueva fija | D16: S23 | E16: Wide 30-degree view of an empty very hot cast-iron griddle on the dark wood counter, a thin wisp of smoke rising from its surface, a raw beef ball on parchment paper resting just beside it. | F16: =E16&" "&'Guía'!$B$3 -> Wide 30-degree view of an empty very hot cast-iron griddle on the dark wood counter, a thin wisp of smoke rising from its surface, a raw beef ball on parchment paper resting just beside it. Same kitchen set: dark wood countertop, white matte tile wall, cast-iron dutch oven and wooden utensils as recurring props, warm lateral light 3500K, soft shadows, shallow depth of field, 16:9, photorealistic food photography, no hands, no people, no text, no logos. | G16: — (zoom en el editor) | H16: Pendiente | I16: No aplica
A17: 16 | B17: N13 | C17: Nueva fija | D17: S25 | E17: Three smash patties resting on a warm white plate, deep brown lacy crust edges, glistening fat, light steam rising. | F17: =E17&" "&'Guía'!$B$3 -> Three smash patties resting on a warm white plate, deep brown lacy crust edges, glistening fat, light steam rising. Same kitchen set: dark wood countertop, white matte tile wall, cast-iron dutch oven and wooden utensils as recurring props, warm lateral light 3500K, soft shadows, shallow depth of field, 16:9, photorealistic food photography, no hands, no people, no text, no logos. | G17: — (zoom en el editor) | H17: Pendiente | I17: No aplica

Sheet Tomas
A1: # | B1: Inicio (s) | C1: Fin (s) | D1: Dur. (s) | E1: Inicio (m:ss) | F1: Sección | G1: Narración (audio real) | H1: Origen | I1: Clip / imagen | J1: Tramo a usar | K1: Ajuste en el editor | L1: Estado | M1: Nota
A2: S01 | B2: 0 | C2: =B3 -> 9.0 | D2: =ROUND(C2-B2,1) -> 9.0 | E2: =TEXT(B2/86400,"m:ss") -> 0:00 | F2: Gancho | G2: Hoy hacemos una hamburguesa con sabor de la Costa: hogao caramelizado, queso costeño frito, plátano maduro y salsa de suero. | H2: Reutilizar | I2: C6 · armado | J2: Clip completo | K2: =IF(H2="Nueva fija","Imagen fija con zoom lento de 5 %",IF(LEFT(I2,1)="N",IF(ISNUMBER(SEARCH("zoom",I2)),"Zoom lento sobre la toma existente",IF(D2>8,"Ralentiza el clip a "&TEXT(8/D2,"0%"),"Recorta a "&TEXT(D2,"0.0")&" s")),IF(D2>8,"Ralentiza el clip a "&TEXT(8/D2,"0%"),"Recorta a "&TEXT(D2,"0.0")&" s"))) -> Ralentiza el clip a 89% | L2: Clip listo
A3: S02 | B3: 9 | C3: =B4 -> 12.6 | D3: =ROUND(C3-B3,1) -> 3.6 | E3: =TEXT(B3/86400,"m:ss") -> 0:09 | F3: Gancho | G3: Dulce, salado y ácido en cada mordisco. | H3: Nueva animada | I3: N16 | J3: Primeros 3,6 s del clip | K3: =IF(H3="Nueva fija","Imagen fija con zoom lento de 5 %",IF(LEFT(I3,1)="N",IF(ISNUMBER(SEARCH("zoom",I3)),"Zoom lento sobre la toma existente",IF(D3>8,"Ralentiza el clip a "&TEXT(8/D3,"0%"),"Recorta a "&TEXT(D3,"0.0")&" s")),IF(D3>8,"Ralentiza el clip a "&TEXT(8/D3,"0%"),"Recorta a "&TEXT(D3,"0.0")&" s"))) -> Recorta a 3.6 s | L3: Por generar | M3: El corte transversal ilustra 'en cada mordisco'. El resto del clip se usa en S28.
A4: S03 | B4: 12.6 | C4: =B5 -> 18.2 | D4: =ROUND(C4-B4,1) -> 5.6 | E4: =TEXT(B4/86400,"m:ss") -> 0:13 | F4: Ingredientes | G4: Para cuatro hamburguesas: seiscientos gramos de carne molida de res ochenta sobre veinte, cuatro | H4: Nueva fija | I4: N01 | J4: Imagen completa | K4: =IF(H4="Nueva fija","Imagen fija con zoom lento de 5 %",IF(LEFT(I4,1)="N",IF(ISNUMBER(SEARCH("zoom",I4)),"Zoom lento sobre la toma existente",IF(D4>8,"Ralentiza el clip a "&TEXT(8/D4,"0%"),"Recorta a "&TEXT(D4,"0.0")&" s")),IF(D4>8,"Ralentiza el clip a "&TEXT(8/D4,"0%"),"Recorta a "&TEXT(D4,"0.0")&" s"))) -> Imagen fija con zoom lento de 5 % | L4: Por generar | M4: Texto: 600 g carne 80/20 · 4 panes brioche.
A5: S04 | B5: 18.2 | C5: =B6 -> 23.0 | D5: =ROUND(C5-B5,1) -> 4.8 | E5: =TEXT(B5/86400,"m:ss") -> 0:18 | F5: Ingredientes | G5: panes brioche, doscientos gramos de queso costeño y dos plátanos maduros. | H5: Nueva fija | I5: N02 | J5: Imagen completa | K5: =IF(H5="Nueva fija","Imagen fija con zoom lento de 5 %",IF(LEFT(I5,1)="N",IF(ISNUMBER(SEARCH("zoom",I5)),"Zoom lento sobre la toma existente",IF(D5>8,"Ralentiza el clip a "&TEXT(8/D5,"0%"),"Recorta a "&TEXT(D5,"0.0")&" s")),IF(D5>8,"Ralentiza el clip a "&TEXT(8/D5,"0%"),"Recorta a "&TEXT(D5,"0.0")&" s"))) -> Imagen fija con zoom lento de 5 % | L5: Por generar | M5: Texto: 200 g queso costeño · 2 plátanos maduros.
A6: S05 | B6: 23 | C6: =B7 -> 28.2 | D6: =ROUND(C6-B6,1) -> 5.2 | E6: =TEXT(B6/86400,"m:ss") -> 0:23 | F6: Ingredientes | G6: Para el hogao, trescientos gramos de tomate y ciento cincuenta de cebolla. | H6: Nueva fija | I6: N03 | J6: Imagen completa | K6: =IF(H6="Nueva fija","Imagen fija con zoom lento de 5 %",IF(LEFT(I6,1)="N",IF(ISNUMBER(SEARCH("zoom",I6)),"Zoom lento sobre la toma existente",IF(D6>8,"Ralentiza el clip a "&TEXT(8/D6,"0%"),"Recorta a "&TEXT(D6,"0.0")&" s")),IF(D6>8,"Ralentiza el clip a "&TEXT(8/D6,"0%"),"Recorta a "&TEXT(D6,"0.0")&" s"))) -> Imagen fija con zoom lento de 5 % | L6: Por generar | M6: Texto: 300 g tomate · 150 g cebolla.
A7: S06 | B7: 28.2 | C7: =B8 -> 34.3 | D7: =ROUND(C7-B7,1) -> 6.1 | E7: =TEXT(B7/86400,"m:ss") -> 0:28 | F7: Ingredientes | G7: Para la salsa, sesenta gramos de suero costeño, sesenta de mayonesa y ají dulce. | H7: Reutilizar | I7: N01 (zoom a los frascos) | J7: Zoom a suero, mayonesa y ají | K7: =IF(H7="Nueva fija","Imagen fija con zoom lento de 5 %",IF(LEFT(I7,1)="N",IF(ISNUMBER(SEARCH("zoom",I7)),"Zoom lento sobre la toma existente",IF(D7>8,"Ralentiza el clip a "&TEXT(8/D7,"0%"),"Recorta a "&TEXT(D7,"0.0")&" s")),IF(D7>8,"Ralentiza el clip a "&TEXT(8/D7,"0%"),"Recorta a "&TEXT(D7,"0.0")&" s"))) -> Zoom lento sobre la toma existente | L7: Por generar | M7: Reutiliza la imagen N01 con zoom; no hay que generar nada. Texto: 60 g suero · 60 g mayonesa · ají dulce.
A8: S07 | B8: 34.3 | C8: =B9 -> 43.5 | D8: =ROUND(C8-B8,1) -> 9.2 | E8: =TEXT(B8/86400,"m:ss") -> 0:34 | F8: Hogao | G8: Empezamos por el hogao, que es lo que más tarda. Calienta una cucharada de aceite a fuego medio-bajo y sofríe la cebolla con una pizca de sal. | H8: Nueva animada | I8: N04 | J8: Clip completo | K8: =IF(H8="Nueva fija","Imagen fija con zoom lento de 5 %",IF(LEFT(I8,1)="N",IF(ISNUMBER(SEARCH("zoom",I8)),"Zoom lento sobre la toma existente",IF(D8>8,"Ralentiza el clip a "&TEXT(8/D8,"0%"),"Recorta a "&TEXT(D8,"0.0")&" s")),IF(D8>8,"Ralentiza el clip a "&TEXT(8/D8,"0%"),"Recorta a "&TEXT(D8,"0.0")&" s"))) -> Ralentiza el clip a 87% | L8: Por generar | M8: Texto: fuego medio-bajo.
A9: S08 | B9: 43.5 | C9: =B10 -> 47.8 | D9: =ROUND(C9-B9,1) -> 4.3 | E9: =TEXT(B9/86400,"m:ss") -> 0:44 | F9: Hogao | G9: Tres minutos, hasta que esté transparente. Que no se dore. | H9: Reutilizar | I9: N04 (zoom 120 %) | J9: Últimos 4,3 s del clip con zoom | K9: =IF(H9="Nueva fija","Imagen fija con zoom lento de 5 %",IF(LEFT(I9,1)="N",IF(ISNUMBER(SEARCH("zoom",I9)),"Zoom lento sobre la toma existente",IF(D9>8,"Ralentiza el clip a "&TEXT(8/D9,"0%"),"Recorta a "&TEXT(D9,"0.0")&" s")),IF(D9>8,"Ralentiza el clip a "&TEXT(8/D9,"0%"),"Recorta a "&TEXT(D9,"0.0")&" s"))) -> Zoom lento sobre la toma existente | L9: Por generar | M9: Texto: 3 min.
A10: S09 | B10: 47.8 | C10: =B11 -> 54.2 | D10: =ROUND(C10-B10,1) -> 6.4 | E10: =TEXT(B10/86400,"m:ss") -> 0:48 | F10: Hogao | G10: Agrega el tomate y cocina a fuego bajo, moviendo de vez en cuando. Son unos veinticinco minutos. | H10: Nueva animada | I10: N05 | J10: Primeros 6,4 s | K10: =IF(H10="Nueva fija","Imagen fija con zoom lento de 5 %",IF(LEFT(I10,1)="N",IF(ISNUMBER(SEARCH("zoom",I10)),"Zoom lento sobre la toma existente",IF(D10>8,"Ralentiza el clip a "&TEXT(8/D10,"0%"),"Recorta a "&TEXT(D10,"0.0")&" s")),IF(D10>8,"Ralentiza el clip a "&TEXT(8/D10,"0%"),"Recorta a "&TEXT(D10,"0.0")&" s"))) -> Recorta a 6.4 s | L10: Por generar | M10: Texto: ~25 min a fuego bajo.
A11: S10 | B11: 54.2 | C11: =B12 -> 60.8 | D11: =ROUND(C11-B11,1) -> 6.6 | E11: =TEXT(B11/86400,"m:ss") -> 0:54 | F11: Hogao | G11: Si se pega, échale un chorrito de agua. Al final, dos cucharadas de azúcar y una de vinagre. | H11: Nueva animada | I11: N06 | J11: Primeros 6,6 s | K11: =IF(H11="Nueva fija","Imagen fija con zoom lento de 5 %",IF(LEFT(I11,1)="N",IF(ISNUMBER(SEARCH("zoom",I11)),"Zoom lento sobre la toma existente",IF(D11>8,"Ralentiza el clip a "&TEXT(8/D11,"0%"),"Recorta a "&TEXT(D11,"0.0")&" s")),IF(D11>8,"Ralentiza el clip a "&TEXT(8/D11,"0%"),"Recorta a "&TEXT(D11,"0.0")&" s"))) -> Recorta a 6.6 s | L11: Por generar | M11: Texto: 2 cda azúcar + 1 cda vinagre.
A12: S11 | B12: 60.8 | C12: =B13 -> 64.7 | D12: =ROUND(C12-B12,1) -> 3.9 | E12: =TEXT(B12/86400,"m:ss") -> 1:01 | F12: Hogao | G12: Está listo cuando pasas la cuchara y el surco no se cierra enseguida. | H12: Nueva animada | I12: N07 | J12: Primeros 3,9 s | K12: =IF(H12="Nueva fija","Imagen fija con zoom lento de 5 %",IF(LEFT(I12,1)="N",IF(ISNUMBER(SEARCH("zoom",I12)),"Zoom lento sobre la toma existente",IF(D12>8,"Ralentiza el clip a "&TEXT(8/D12,"0%"),"Recorta a "&TEXT(D12,"0.0")&" s")),IF(D12>8,"Ralentiza el clip a "&TEXT(8/D12,"0%"),"Recorta a "&TEXT(D12,"0.0")&" s"))) -> Recorta a 3.9 s | L12: Por generar | M12: Texto: el surco no se cierra.
A13: S12 | B13: 64.7 | C13: =B14 -> 68.2 | D13: =ROUND(C13-B13,1) -> 3.5 | E13: =TEXT(B13/86400,"m:ss") -> 1:05 | F13: Hogao | G13: Debe verse brillante, casi como una mermelada. | H13: Reutilizar | I13: C1 · hogao | J13: Primeros 3,5 s | K13: =IF(H13="Nueva fija","Imagen fija con zoom lento de 5 %",IF(LEFT(I13,1)="N",IF(ISNUMBER(SEARCH("zoom",I13)),"Zoom lento sobre la toma existente",IF(D13>8,"Ralentiza el clip a "&TEXT(8/D13,"0%"),"Recorta a "&TEXT(D13,"0.0")&" s")),IF(D13>8,"Ralentiza el clip a "&TEXT(8/D13,"0%"),"Recorta a "&TEXT(D13,"0.0")&" s"))) -> Recorta a 3.5 s | L13: Clip listo
A14: S13 | B14: 68.2 | C14: =B15 -> 77.4 | D14: =ROUND(C14-B14,1) -> 9.2 | E14: =TEXT(B14/86400,"m:ss") -> 1:08 | F14: Salsa | G14: Ahora, la salsa. Mezcla el suero, la mayonesa, una cucharada de ají dulce picado muy fino y una cucharadita de jugo de limón. | H14: Nueva animada | I14: N08 | J14: Clip completo | K14: =IF(H14="Nueva fija","Imagen fija con zoom lento de 5 %",IF(LEFT(I14,1)="N",IF(ISNUMBER(SEARCH("zoom",I14)),"Zoom lento sobre la toma existente",IF(D14>8,"Ralentiza el clip a "&TEXT(8/D14,"0%"),"Recorta a "&TEXT(D14,"0.0")&" s")),IF(D14>8,"Ralentiza el clip a "&TEXT(8/D14,"0%"),"Recorta a "&TEXT(D14,"0.0")&" s"))) -> Ralentiza el clip a 87% | L14: Por generar | M14: Texto: 1 cda ají dulce · 1 cdta limón.
A15: S14 | B15: 77.4 | C15: =B16 -> 81.6 | D15: =ROUND(C15-B15,1) -> 4.2 | E15: =TEXT(B15/86400,"m:ss") -> 1:17 | F15: Salsa | G15: Prueba antes de agregar sal. El suero costeño ya es salado. | H15: Reutilizar | I15: C2 · salsa | J15: Primeros 4,2 s | K15: =IF(H15="Nueva fija","Imagen fija con zoom lento de 5 %",IF(LEFT(I15,1)="N",IF(ISNUMBER(SEARCH("zoom",I15)),"Zoom lento sobre la toma existente",IF(D15>8,"Ralentiza el clip a "&TEXT(8/D15,"0%"),"Recorta a "&TEXT(D15,"0.0")&" s")),IF(D15>8,"Ralentiza el clip a "&TEXT(8/D15,"0%"),"Recorta a "&TEXT(D15,"0.0")&" s"))) -> Recorta a 4.2 s | L15: Clip listo
A16: S15 | B16: 81.6 | C16: =B17 -> 86.0 | D16: =ROUND(C16-B16,1) -> 4.4 | E16: =TEXT(B16/86400,"m:ss") -> 1:22 | F16: Salsa | G16: Déjala treinta minutos en la nevera para que los sabores se integren. | H16: Nueva fija | I16: N09 | J16: Imagen completa | K16: =IF(H16="Nueva fija","Imagen fija con zoom lento de 5 %",IF(LEFT(I16,1)="N",IF(ISNUMBER(SEARCH("zoom",I16)),"Zoom lento sobre la toma existente",IF(D16>8,"Ralentiza el clip a "&TEXT(8/D16,"0%"),"Recorta a "&TEXT(D16,"0.0")&" s")),IF(D16>8,"Ralentiza el clip a "&TEXT(8/D16,"0%"),"Recorta a "&TEXT(D16,"0.0")&" s"))) -> Imagen fija con zoom lento de 5 % | L16: Por generar | M16: Texto: 30 min en nevera.
A17: S16 | B17: 86 | C17: =B18 -> 91.7 | D17: =ROUND(C17-B17,1) -> 5.7 | E17: =TEXT(B17/86400,"m:ss") -> 1:26 | F17: Carne | G17: Ahora la carne. No mezcles la sal con la carne: la vuelve compacta, con textura de salchicha, | H17: Nueva fija | I17: N10 | J17: Imagen completa | K17: =IF(H17="Nueva fija","Imagen fija con zoom lento de 5 %",IF(LEFT(I17,1)="N",IF(ISNUMBER(SEARCH("zoom",I17)),"Zoom lento sobre la toma existente",IF(D17>8,"Ralentiza el clip a "&TEXT(8/D17,"0%"),"Recorta a "&TEXT(D17,"0.0")&" s")),IF(D17>8,"Ralentiza el clip a "&TEXT(8/D17,"0%"),"Recorta a "&TEXT(D17,"0.0")&" s"))) -> Imagen fija con zoom lento de 5 % | L17: Por generar | M17: Texto: la sal va por fuera.
A18: S17 | B18: 91.7 | C18: =B19 -> 94.8 | D18: =ROUND(C18-B18,1) -> 3.1 | E18: =TEXT(B18/86400,"m:ss") -> 1:32 | F18: Carne | G18: y en un smash eso se nota. | H18: Reutilizar | I18: C5 · smash (panel del aplaste) | J18: Panel izquierdo con zoom, 3,1 s | K18: =IF(H18="Nueva fija","Imagen fija con zoom lento de 5 %",IF(LEFT(I18,1)="N",IF(ISNUMBER(SEARCH("zoom",I18)),"Zoom lento sobre la toma existente",IF(D18>8,"Ralentiza el clip a "&TEXT(8/D18,"0%"),"Recorta a "&TEXT(D18,"0.0")&" s")),IF(D18>8,"Ralentiza el clip a "&TEXT(8/D18,"0%"),"Recorta a "&TEXT(D18,"0.0")&" s"))) -> Recorta a 3.1 s | L18: Clip listo | M18: Adelanto visual del smash.
A19: S18 | B19: 94.8 | C19: =B20 -> 100.8 | D19: =ROUND(C19-B19,1) -> 6.0 | E19: =TEXT(B19/86400,"m:ss") -> 1:35 | F19: Carne | G19: Lo que sí puedes mezclar, suavemente, es media cucharadita de ajo en polvo, media | H19: Nueva animada | I19: N11 | J19: Primeros 6,0 s | K19: =IF(H19="Nueva fija","Imagen fija con zoom lento de 5 %",IF(LEFT(I19,1)="N",IF(ISNUMBER(SEARCH("zoom",I19)),"Zoom lento sobre la toma existente",IF(D19>8,"Ralentiza el clip a "&TEXT(8/D19,"0%"),"Recorta a "&TEXT(D19,"0.0")&" s")),IF(D19>8,"Ralentiza el clip a "&TEXT(8/D19,"0%"),"Recorta a "&TEXT(D19,"0.0")&" s"))) -> Recorta a 6.0 s | L19: Por generar | M19: Texto: ½ cdta ajo en polvo.
A20: S19 | B20: 100.8 | C20: =B21 -> 105.9 | D20: =ROUND(C20-B20,1) -> 5.1 | E20: =TEXT(B20/86400,"m:ss") -> 1:41 | F20: Carne | G20: de cebolla en polvo y media de pimentón ahumado para los seiscientos gramos. | H20: Reutilizar | I20: N10 (zoom al pimentón) | J20: Zoom lento al bowl de pimentón | K20: =IF(H20="Nueva fija","Imagen fija con zoom lento de 5 %",IF(LEFT(I20,1)="N",IF(ISNUMBER(SEARCH("zoom",I20)),"Zoom lento sobre la toma existente",IF(D20>8,"Ralentiza el clip a "&TEXT(8/D20,"0%"),"Recorta a "&TEXT(D20,"0.0")&" s")),IF(D20>8,"Ralentiza el clip a "&TEXT(8/D20,"0%"),"Recorta a "&TEXT(D20,"0.0")&" s"))) -> Zoom lento sobre la toma existente | L20: Por generar | M20: Reutiliza la imagen N10. Texto: ½ cdta cebolla en polvo · ½ cdta pimentón ahumado.
A21: S20 | B21: 105.9 | C21: =B22 -> 113.9 | D21: =ROUND(C21-B21,1) -> 8.0 | E21: =TEXT(B21/86400,"m:ss") -> 1:46 | F21: Carne | G21: Forma cuatro bolas de ciento cincuenta gramos, sin apretar. La sal y la pimienta van por fuera, justo antes de cocinar. | H21: Reutilizar | I21: C4 · bolas de carne | J21: Clip completo | K21: =IF(H21="Nueva fija","Imagen fija con zoom lento de 5 %",IF(LEFT(I21,1)="N",IF(ISNUMBER(SEARCH("zoom",I21)),"Zoom lento sobre la toma existente",IF(D21>8,"Ralentiza el clip a "&TEXT(8/D21,"0%"),"Recorta a "&TEXT(D21,"0.0")&" s")),IF(D21>8,"Ralentiza el clip a "&TEXT(8/D21,"0%"),"Recorta a "&TEXT(D21,"0.0")&" s"))) -> Recorta a 8.0 s | L21: Clip listo | M21: Texto: 4 × 150 g.
A22: S21 | B22: 113.9 | C22: =B23 -> 118.5 | D22: =ROUND(C22-B22,1) -> 4.6 | E22: =TEXT(B22/86400,"m:ss") -> 1:54 | F22: Plátano, queso y smash | G22: Fríe el plátano hasta que dore, dos minutos por lado, y resérvalo. | H22: Reutilizar | I22: C3 · plátano y queso (panel del plátano) | J22: Panel izquierdo con zoom, 4,6 s | K22: =IF(H22="Nueva fija","Imagen fija con zoom lento de 5 %",IF(LEFT(I22,1)="N",IF(ISNUMBER(SEARCH("zoom",I22)),"Zoom lento sobre la toma existente",IF(D22>8,"Ralentiza el clip a "&TEXT(8/D22,"0%"),"Recorta a "&TEXT(D22,"0.0")&" s")),IF(D22>8,"Ralentiza el clip a "&TEXT(8/D22,"0%"),"Recorta a "&TEXT(D22,"0.0")&" s"))) -> Recorta a 4.6 s | L22: Clip listo | M22: Texto: 2 min por lado.
A23: S22 | B23: 118.5 | C23: =B24 -> 122.2 | D23: =ROUND(C23-B23,1) -> 3.7 | E23: =TEXT(B23/86400,"m:ss") -> 1:59 | F23: Plátano, queso y smash | G23: Luego el queso, un minuto por lado, hasta que haga costra. | H23: Reutilizar | I23: C3 · plátano y queso (panel del queso) | J23: Panel derecho con zoom, 3,7 s | K23: =IF(H23="Nueva fija","Imagen fija con zoom lento de 5 %",IF(LEFT(I23,1)="N",IF(ISNUMBER(SEARCH("zoom",I23)),"Zoom lento sobre la toma existente",IF(D23>8,"Ralentiza el clip a "&TEXT(8/D23,"0%"),"Recorta a "&TEXT(D23,"0.0")&" s")),IF(D23>8,"Ralentiza el clip a "&TEXT(8/D23,"0%"),"Recorta a "&TEXT(D23,"0.0")&" s"))) -> Recorta a 3.7 s | L23: Clip listo | M23: Texto: 1 min por lado.
A24: S23 | B24: 122.2 | C24: =B25 -> 124.6 | D24: =ROUND(C24-B24,1) -> 2.4 | E24: =TEXT(B24/86400,"m:ss") -> 2:02 | F24: Plátano, queso y smash | G24: Ahora, la plancha muy caliente. | H24: Nueva fija | I24: N12 | J24: Imagen completa | K24: =IF(H24="Nueva fija","Imagen fija con zoom lento de 5 %",IF(LEFT(I24,1)="N",IF(ISNUMBER(SEARCH("zoom",I24)),"Zoom lento sobre la toma existente",IF(D24>8,"Ralentiza el clip a "&TEXT(8/D24,"0%"),"Recorta a "&TEXT(D24,"0.0")&" s")),IF(D24>8,"Ralentiza el clip a "&TEXT(8/D24,"0%"),"Recorta a "&TEXT(D24,"0.0")&" s"))) -> Imagen fija con zoom lento de 5 % | L24: Por generar | M24: Toma corta (2,4 s): por eso quedó como imagen fija.
A25: S24 | B25: 124.6 | C25: =B26 -> 131.4 | D25: =ROUND(C25-B25,1) -> 6.8 | E25: =TEXT(B25/86400,"m:ss") -> 2:05 | F25: Plátano, queso y smash | G25: Pon una bola y aplástala de una sola vez hasta un centímetro. No la vuelvas a presionar. Salpimienta. | H25: Reutilizar | I25: C5 · smash | J25: Primeros 6,8 s | K25: =IF(H25="Nueva fija","Imagen fija con zoom lento de 5 %",IF(LEFT(I25,1)="N",IF(ISNUMBER(SEARCH("zoom",I25)),"Zoom lento sobre la toma existente",IF(D25>8,"Ralentiza el clip a "&TEXT(8/D25,"0%"),"Recorta a "&TEXT(D25,"0.0")&" s")),IF(D25>8,"Ralentiza el clip a "&TEXT(8/D25,"0%"),"Recorta a "&TEXT(D25,"0.0")&" s"))) -> Recorta a 6.8 s | L25: Clip listo | M25: Texto: una sola vez · 1 cm.
A26: S25 | B26: 131.4 | C26: =B27 -> 135.1 | D26: =ROUND(C26-B26,1) -> 3.7 | E26: =TEXT(B26/86400,"m:ss") -> 2:11 | F26: Plátano, queso y smash | G26: Dos minutos, voltea y un minuto más. | H26: Nueva fija | I26: N13 | J26: Imagen completa | K26: =IF(H26="Nueva fija","Imagen fija con zoom lento de 5 %",IF(LEFT(I26,1)="N",IF(ISNUMBER(SEARCH("zoom",I26)),"Zoom lento sobre la toma existente",IF(D26>8,"Ralentiza el clip a "&TEXT(8/D26,"0%"),"Recorta a "&TEXT(D26,"0.0")&" s")),IF(D26>8,"Ralentiza el clip a "&TEXT(8/D26,"0%"),"Recorta a "&TEXT(D26,"0.0")&" s"))) -> Imagen fija con zoom lento de 5 % | L26: Por generar | M26: Texto: 2 min + 1 min.
A27: S26 | B27: 135.1 | C27: =B28 -> 138.6 | D27: =ROUND(C27-B27,1) -> 3.5 | E27: =TEXT(B27/86400,"m:ss") -> 2:15 | F27: Armado | G27: A armar. Tuesta el pan en la grasa de la plancha. | H27: Nueva animada | I27: N14 | J27: Primeros 3,5 s | K27: =IF(H27="Nueva fija","Imagen fija con zoom lento de 5 %",IF(LEFT(I27,1)="N",IF(ISNUMBER(SEARCH("zoom",I27)),"Zoom lento sobre la toma existente",IF(D27>8,"Ralentiza el clip a "&TEXT(8/D27,"0%"),"Recorta a "&TEXT(D27,"0.0")&" s")),IF(D27>8,"Ralentiza el clip a "&TEXT(8/D27,"0%"),"Recorta a "&TEXT(D27,"0.0")&" s"))) -> Recorta a 3.5 s | L27: Por generar
A28: S27 | B28: 138.6 | C28: =B29 -> 147.1 | D28: =ROUND(C28-B28,1) -> 8.5 | E28: =TEXT(B28/86400,"m:ss") -> 2:19 | F28: Armado | G28: Abajo, la salsa de suero. Encima, la carne, el queso frito y el plátano. Termina con una cucharada generosa de hogao. | H28: Nueva animada | I28: N15 | J28: Clip completo | K28: =IF(H28="Nueva fija","Imagen fija con zoom lento de 5 %",IF(LEFT(I28,1)="N",IF(ISNUMBER(SEARCH("zoom",I28)),"Zoom lento sobre la toma existente",IF(D28>8,"Ralentiza el clip a "&TEXT(8/D28,"0%"),"Recorta a "&TEXT(D28,"0.0")&" s")),IF(D28>8,"Ralentiza el clip a "&TEXT(8/D28,"0%"),"Recorta a "&TEXT(D28,"0.0")&" s"))) -> Ralentiza el clip a 94% | L28: Por generar | M28: Texto: salsa → carne → queso → plátano → hogao.
A29: S28 | B29: 147.1 | C29: =B30 -> 151.0 | D29: =ROUND(C29-B29,1) -> 3.9 | E29: =TEXT(B29/86400,"m:ss") -> 2:27 | F29: Armado | G29: Sírvela caliente, mientras el queso conserva la costra. | H29: Reutilizar | I29: N16 | J29: Desde 4,0 s hasta 7,9 s | K29: =IF(H29="Nueva fija","Imagen fija con zoom lento de 5 %",IF(LEFT(I29,1)="N",IF(ISNUMBER(SEARCH("zoom",I29)),"Zoom lento sobre la toma existente",IF(D29>8,"Ralentiza el clip a "&TEXT(8/D29,"0%"),"Recorta a "&TEXT(D29,"0.0")&" s")),IF(D29>8,"Ralentiza el clip a "&TEXT(8/D29,"0%"),"Recorta a "&TEXT(D29,"0.0")&" s"))) -> Recorta a 3.9 s | L29: Por generar | M29: Segunda mitad del clip N16 (la primera va en S02).
A30: S29 | B30: 151 | C30: ='Guía'!$B$7 -> 157.7 | D30: =ROUND(C30-B30,1) -> 6.7 | E30: =TEXT(B30/86400,"m:ss") -> 2:31 | F30: Cierre | G30: Si te sirvió, suscríbete. En el próximo video… y dime en los comentarios si te gustaría explorar otra versión. | H30: Reutilizar | I30: C6 · armado | J30: Últimos 6,7 s | K30: =IF(H30="Nueva fija","Imagen fija con zoom lento de 5 %",IF(LEFT(I30,1)="N",IF(ISNUMBER(SEARCH("zoom",I30)),"Zoom lento sobre la toma existente",IF(D30>8,"Ralentiza el clip a "&TEXT(8/D30,"0%"),"Recorta a "&TEXT(D30,"0.0")&" s")),IF(D30>8,"Ralentiza el clip a "&TEXT(8/D30,"0%"),"Recorta a "&TEXT(D30,"0.0")&" s"))) -> Recorta a 6.7 s | L30: Clip listo | M30: Agrega la pantalla final de suscripción.
A31: Total | D31: =ROUND(SUM(D2:D30),1) -> 157.7

Sheet Subtítulos
A1: Inicio (s) | B1: Fin (s) | C1: Inicio (m:ss) | D1: Texto del subtítulo (leído del video, sin tildes)
A2: 0.2 | B2: 3.9 | C2: =TEXT(A2/86400,"m:ss") -> 0:00 | D2: HOY HACEMOS UNA HAMBURGUESA CON SABOR DE LA COSTA: HOGAO
A3: 3.9 | B3: 6 | C3: =TEXT(A3/86400,"m:ss") -> 0:04 | D3: CARAMELIZADO, QUESO COSTENO FRITO,
A4: 6.5 | B4: 8.4 | C4: =TEXT(A4/86400,"m:ss") -> 0:07 | D4: PLATANO MADURO Y SALSA DE SUERO.
A5: 9 | B5: 11.8 | C5: =TEXT(A5/86400,"m:ss") -> 0:09 | D5: DULCE, SALADO Y ACIDO EN CADA MORDISCO.
A6: 12.6 | B6: 15.5 | C6: =TEXT(A6/86400,"m:ss") -> 0:13 | D6: PARA CUATRO HAMBURGUESAS, SEISCIENTOS GRAMOS DE CARNE
A7: 15.5 | B7: 18.1 | C7: =TEXT(A7/86400,"m:ss") -> 0:16 | D7: MOLIDA DE RES OCHENTA SOBRE VEINTE, CUATRO
A8: 18.2 | B8: 21.4 | C8: =TEXT(A8/86400,"m:ss") -> 0:18 | D8: PANES BRIOCHE, DOSCIENTOS GRAMOS DE QUESO COSTENO Y DOS
A9: 21.4 | B9: 22.3 | C9: =TEXT(A9/86400,"m:ss") -> 0:21 | D9: PLATANOS MADUROS.
A10: 23 | B10: 26.5 | C10: =TEXT(A10/86400,"m:ss") -> 0:23 | D10: PARA EL HOGAO, TRESCIENTOS GRAMOS DE TOMATE Y CIENTO
A11: 26.5 | B11: 27.5 | C11: =TEXT(A11/86400,"m:ss") -> 0:27 | D11: CINCUENTA DE CEBOLLA.
A12: 28.2 | B12: 32.3 | C12: =TEXT(A12/86400,"m:ss") -> 0:28 | D12: PARA LA SALSA, SESENTA GRAMOS DE SUERO COSTENO, SESENTA DE
A13: 32.3 | B13: 33.8 | C13: =TEXT(A13/86400,"m:ss") -> 0:32 | D13: MAYONESA Y AJI DULCE.
... A62: 156.9 | B62: 157.3 | C62: =TEXT(A62/86400,"m:ss") -> 2:37 | D62: VERSION.

Sheet Guía
A1: Guía · Hamburguesa Costeña (video largo, audio de 2:37)
A3: Bloque base (se añade a todos los prompts de imagen) | B3: Same kitchen set: dark wood countertop, white matte tile wall, cast-iron dutch oven and wooden utensils as recurring props, warm lateral light 3500K, soft shadows, shallow depth of field, 16:9, photorealistic food photography, no hands, no people, no text, no logos.
A4: Prefijo del prompt de animación | B4: Subtle cinematic motion from the still image. Camera:
A5: Cierre del prompt de animación | B5: Warm light stays constant. Natural food physics, no cuts, no hands, no text, no people.
A7: Duración del audio de ElevenLabs (s) | B7: 157.67
A9: Resumen
A10: Tomas totales | B10: =COUNTA(Tomas!A2:A30) -> 29
A11: Tomas que reutilizan material (clips o imágenes) | B11: =COUNTIF(Tomas!H2:H30,"Reutilizar") -> 13
A12: Imágenes nuevas por generar | B12: =COUNTA('Por generar'!B2:B17) -> 16
A13: …de ellas, clips nuevos por animar en Flow | B13: =COUNTIF('Por generar'!C2:C17,"Nueva animada") -> 9
A14: …de ellas, solo imagen fija | B14: =COUNTIF('Por generar'!C2:C17,"Nueva fija") -> 7
A15: Suma de tomas (s) | B15: =Tomas!D31 -> 157.7
A16: Diferencia con el audio (s), debe ser 0 | B16: =ROUND(B15-B7,1) -> 0.0
A17: Imágenes listas | B17: =COUNTIF('Por generar'!H2:H17,"Lista") -> 1
A18: Clips nuevos listos | B18: =COUNTIF('Por generar'!I2:I17,"Lista") -> 0
A20: Cómo usar
A21: Los cortes caen en las pausas reales del audio: cada toma empieza cuando arranca su subtítulo. Si mueves un corte, cambia solo la columna Inicio (s); el Fin y la duración se recalculan.
A22: Genera en el orden de la hoja 'Por generar': primero los 9 clips animados (N04 a N16), luego las 7 imágenes fijas. Marca Imagen y Clip como 'Lista' a medida que avances.
A23: Las 7 imágenes fijas no pasan por Flow: en el editor les pones zoom lento de 5 % y ahorras créditos.
A24: El video que exportaste es vertical (1080 × 1920). Para YouTube cambia el proyecto de ElevenLabs a 16:9 antes de montar los clips; los tiempos de esta hoja no cambian.
A25: Corrige en ElevenLabs dos subtítulos: 'HOGAOO' (0:34) y 'OGAU' (2:24) deben decir 'HOGAO'.
